"DATA_GERACAO";"HORA_GERACAO";"ANO_ELEICAO";"NUM_TURNO";"DESCRICAO_ELEICAO";"SIGLA_UF";"SIGLA_UE";"CODIGO_MUNICIPIO";"NOME_MUNICIPIO";"NUMERO_ZONA";"CODIGO_CARGO";"DESCRICAO_CARGO";"QTD_APTOS";"QTD_SECOES";"QTD_SECOES_AGREGADAS";"QTD_APTOS_TOT";"QTD_SECOES_TOT";"QTD_COMPARECIMENTO";"QTD_ABSTENCOES";"QTD_VOTOS_NOMINAIS";"QTD_VOTOS_BRANCOS";"QTD_VOTOS_NULOS";"QTD_VOTOS_LEGENDA";"QTD_VOTOS_ANULADOS_APU_SEP";"DATA_ULT_TOTALIZACAO";"HORA_ULT_TOTALIZACAO";"TRANSITO";"QTD_VOTOS_ANULADOS"
"20/10/2016";"19:41:50";"2016";"1";"ELEIÇÕES MUNICIPAIS 2016";"SP";"71072";"71072";"SÃO PAULO";"259";"11";"PREFEITO";"151207";"419";"14";"151207";"419";"115441";"35766";"103946";"3054";"8441";"0";"0";"02/10/2016";"21:53:43";"N";"0"
"20/10/2016";"19:41:50";"2016";"1";"ELEIÇÕES MUNICIPAIS 2016";"SP";"71072";"71072";"SÃO PAULO";"259";"13";"VEREADOR";"151207";"419";"14";"151207";"419";"115441";"35766";"77795";"7714";"12160";"17772";"0";"02/10/2016";"21:53:43";"N";"0"
"20/10/2016";"19:41:50";"2016";"1";"ELEIÇÕES MUNICIPAIS 2016";"SP";"71072";"71072";"SÃO PAULO";"20";"13";"VEREADOR";"146265";"411";"2";"146265";"411";"115744";"30521";"71843";"14483";"14825";"14593";"0";"02/10/2016";"21:53:43";"N";"0"
"20/10/2016";"19:41:50";"2016";"1";"ELEIÇÕES MUNICIPAIS 2016";"SP";"71072";"71072";"SÃO PAULO";"20";"11";"PREFEITO";"146265";"411";"2";"146265";"411";"115744";"30521";"93142";"8407";"14195";"0";"0";"02/10/2016";"21:53:43";"N";"0"
"20/10/2016";"19:41:50";"2016";"1";"ELEIÇÕES MUNICIPAIS 2016";"SP";"71072";"71072";"SÃO PAULO";"248";"13";"VEREADOR";"154398";"410";"0";"154398";"410";"123189";"31209";"76877";"13059";"19113";"14140";"0";"02/10/2016";"21:53:43";"N";"0"
"20/10/2016";"19:41:50";"2016";"1";"ELEIÇÕES MUNICIPAIS 2016";"SP";"71072";"71072";"SÃO PAULO";"248";"11";"PREFEITO";"154398";"410";"0";"154398";"410";"123189";"31209";"97190";"8124";"17875";"0";"0";"02/10/2016";"21:53:43";"N";"0"
"20/10/2016";"19:41:50";"2016";"1";"ELEIÇÕES MUNICIPAIS 2016";"SP";"71072";"71072";"SÃO PAULO";"249";"13";"VEREADOR";"119577";"363";"0";"119577";"363";"90257";"29320";"58294";"6537";"11055";"14371";"0";"02/10/2016";"21:53:43";"N";"0"
"20/10/2016";"19:41:50";"2016";"1";"ELEIÇÕES MUNICIPAIS 2016";"SP";"71072";"71072";"SÃO PAULO";"249";"11";"PREFEITO";"119577";"363";"0";"119577";"363";"90257";"29320";"79566";"2773";"7918";"0";"0";"02/10/2016";"21:53:43";"N";"0"
"20/10/2016";"19:41:50";"2016";"1";"ELEIÇÕES MUNICIPAIS 2016";"SP";"71072";"71072";"SÃO PAULO";"349";"13";"VEREADOR";"126642";"356";"1";"126642";"356";"97125";"29517";"60969";"9486";"13727";"12943";"0";"02/10/2016";"21:53:43";"N";"0"
"20/10/2016";"19:41:50";"2016";"1";"ELEIÇÕES MUNICIPAIS 2016";"SP";"71072";"71072";"SÃO PAULO";"349";"11";"PREFEITO";"126642";"356";"1";"126642";"356";"97125";"29517";"81279";"4902";"10944";"0";"0";"02/10/2016";"21:53:43";"N";"0"
"20/10/2016";"19:41:50";"2016";"1";"ELEIÇÕES MUNICIPAIS 2016";"SP";"71072";"71072";"SÃO PAULO";"350";"13";"VEREADOR";"135962";"370";"0";"135962";"370";"107375";"28587";"65825";"10865";"16418";"14267";"0";"02/10/2016";"21:53:43";"N";"0"
"20/10/2016";"19:41:50";"2016";"1";"ELEIÇÕES MUNICIPAIS 2016";"SP";"71072";"71072";"SÃO PAULO";"350";"11";"PREFEITO";"135962";"370";"0";"135962";"370";"107375";"28587";"86781";"6146";"14448";"0";"0";"02/10/2016";"21:53:43";"N";"0"
"20/10/2016";"19:41:50";"2016";"1";"ELEIÇÕES MUNICIPAIS 2016";"SP";"71072";"71072";"SÃO PAULO";"420";"13";"VEREADOR";"123422";"359";"1";"123422";"359";"95892";"27530";"61747";"8800";"12935";"12410";"0";"02/10/2016";"21:53:43";"N";"0"
"20/10/2016";"19:41:50";"2016";"1";"ELEIÇÕES MUNICIPAIS 2016";"SP";"71072";"71072";"SÃO PAULO";"420";"11";"PREFEITO";"123422";"359";"1";"123422";"359";"95892";"27530";"79423";"4886";"11583";"0";"0";"02/10/2016";"21:53:43";"N";"0"
"20/10/2016";"19:41:50";"2016";"1";"ELEIÇÕES MUNICIPAIS 2016";"SP";"71072";"71072";"SÃO PAULO";"421";"13";"VEREADOR";"137692";"379";"2";"137692";"379";"110840";"26852";"68813";"11784";"16388";"13855";"0";"02/10/2016";"21:53:43";"N";"0"
"20/10/2016";"19:41:50";"2016";"1";"ELEIÇÕES MUNICIPAIS 2016";"SP";"71072";"71072";"SÃO PAULO";"421";"11";"PREFEITO";"137692";"379";"2";"137692";"379";"110840";"26852";"88583";"6954";"15303";"0";"0";"02/10/2016";"21:53:43";"N";"0"
"20/10/2016";"19:41:50";"2016";"1";"ELEIÇÕES MUNICIPAIS 2016";"SP";"71072";"71072";"SÃO PAULO";"422";"13";"VEREADOR";"135795";"373";"1";"135795";"373";"107494";"28301";"67190";"10619";"15727";"13958";"0";"02/10/2016";"21:53:43";"N";"0"
"20/10/2016";"19:41:50";"2016";"1";"ELEIÇÕES MUNICIPAIS 2016";"SP";"71072";"71072";"SÃO PAULO";"422";"11";"PREFEITO";"135795";"373";"1";"135795";"373";"107494";"28301";"88997";"5708";"12789";"0";"0";"02/10/2016";"21:53:43";"N";"0"
"20/10/2016";"19:41:50";"2016";"1";"ELEIÇÕES MUNICIPAIS 2016";"SP";"71072";"71072";"SÃO PAULO";"375";"13";"VEREADOR";"241979";"753";"1";"241979";"753";"192735";"49244";"117163";"21640";"30252";"23680";"0";"02/10/2016";"21:53:43";"N";"0"
"20/10/2016";"19:41:50";"2016";"1";"ELEIÇÕES MUNICIPAIS 2016";"SP";"71072";"71072";"SÃO PAULO";"375";"11";"PREFEITO";"241979";"753";"1";"241979";"753";"192735";"49244";"154516";"12436";"25783";"0";"0";"02/10/2016";"21:53:43";"N";"0"
"20/10/2016";"19:41:50";"2016";"1";"ELEIÇÕES MUNICIPAIS 2016";"SP";"71072";"71072";"SÃO PAULO";"381";"13";"VEREADOR";"212164";"603";"3";"212164";"603";"172395";"39769";"111385";"18741";"22301";"19968";"0";"02/10/2016";"21:53:43";"N";"0"
"20/10/2016";"19:41:50";"2016";"1";"ELEIÇÕES MUNICIPAIS 2016";"SP";"71072";"71072";"SÃO PAULO";"381";"11";"PREFEITO";"212164";"603";"3";"212164";"603";"172395";"39769";"140907";"11450";"20038";"0";"0";"02/10/2016";"21:53:43";"N";"0"
"20/10/2016";"19:41:50";"2016";"1";"ELEIÇÕES MUNICIPAIS 2016";"SP";"71072";"71072";"SÃO PAULO";"392";"13";"VEREADOR";"124594";"392";"0";"124594";"392";"99837";"24757";"60836";"10257";"15863";"12881";"0";"02/10/2016";"21:53:43";"N";"0"
"20/10/2016";"19:41:50";"2016";"1";"ELEIÇÕES MUNICIPAIS 2016";"SP";"71072";"71072";"SÃO PAULO";"392";"11";"PREFEITO";"124594";"392";"0";"124594";"392";"99837";"24757";"80031";"5884";"13922";"0";"0";"02/10/2016";"21:53:43";"N";"0"
"20/10/2016";"19:41:50";"2016";"1";"ELEIÇÕES MUNICIPAIS 2016";"SP";"71072";"71072";"SÃO PAULO";"247";"13";"VEREADOR";"112119";"326";"0";"112119";"326";"89329";"22790";"57103";"8837";"12865";"10524";"0";"02/10/2016";"21:53:43";"N";"0"
"20/10/2016";"19:41:50";"2016";"1";"ELEIÇÕES MUNICIPAIS 2016";"SP";"71072";"71072";"SÃO PAULO";"247";"11";"PREFEITO";"112119";"326";"0";"112119";"326";"89329";"22790";"71327";"5749";"12253";"0";"0";"02/10/2016";"21:53:43";"N";"0"
"20/10/2016";"19:41:50";"2016";"1";"ELEIÇÕES MUNICIPAIS 2016";"SP";"71072";"71072";"SÃO PAULO";"327";"13";"VEREADOR";"118792";"332";"4";"118792";"332";"92624";"26168";"60088";"8248";"12886";"11402";"0";"02/10/2016";"21:53:43";"N";"0"
"20/10/2016";"19:41:50";"2016";"1";"ELEIÇÕES MUNICIPAIS 2016";"SP";"71072";"71072";"SÃO PAULO";"327";"11";"PREFEITO";"118792";"332";"4";"118792";"332";"92624";"26168";"77201";"4497";"10926";"0";"0";"02/10/2016";"21:53:43";"N";"0"
"20/10/2016";"19:41:50";"2016";"1";"ELEIÇÕES MUNICIPAIS 2016";"SP";"71072";"71072";"SÃO PAULO";"328";"13";"VEREADOR";"162340";"424";"0";"162340";"424";"128615";"33725";"77949";"15482";"18372";"16812";"0";"02/10/2016";"21:53:43";"N";"0"
"20/10/2016";"19:41:50";"2016";"1";"ELEIÇÕES MUNICIPAIS 2016";"SP";"71072";"71072";"SÃO PAULO";"328";"11";"PREFEITO";"162340";"424";"0";"162340";"424";"128615";"33725";"104687";"8339";"15589";"0";"0";"02/10/2016";"21:53:43";"N";"0"
"20/10/2016";"19:41:50";"2016";"1";"ELEIÇÕES MUNICIPAIS 2016";"SP";"71072";"71072";"SÃO PAULO";"347";"13";"VEREADOR";"171468";"472";"0";"171468";"472";"136042";"35426";"84017";"13019";"21441";"17565";"0";"02/10/2016";"21:53:43";"N";"0"
"20/10/2016";"19:41:50";"2016";"1";"ELEIÇÕES MUNICIPAIS 2016";"SP";"71072";"71072";"SÃO PAULO";"347";"11";"PREFEITO";"171468";"472";"0";"171468";"472";"136042";"35426";"110686";"6987";"18369";"0";"0";"02/10/2016";"21:53:43";"N";"0"
"20/10/2016";"19:41:50";"2016";"1";"ELEIÇÕES MUNICIPAIS 2016";"SP";"71072";"71072";"SÃO PAULO";"353";"13";"VEREADOR";"167732";"490";"3";"167732";"490";"135168";"32564";"84335";"16194";"19562";"15077";"0";"02/10/2016";"21:53:43";"N";"0"
"20/10/2016";"19:41:50";"2016";"1";"ELEIÇÕES MUNICIPAIS 2016";"SP";"71072";"71072";"SÃO PAULO";"353";"11";"PREFEITO";"167732";"490";"3";"167732";"490";"135168";"32564";"106246";"10111";"18811";"0";"0";"02/10/2016";"21:53:43";"N";"0"
"20/10/2016";"19:41:50";"2016";"1";"ELEIÇÕES MUNICIPAIS 2016";"SP";"71072";"71072";"SÃO PAULO";"373";"13";"VEREADOR";"132445";"384";"3";"132445";"384";"104498";"27947";"64998";"12376";"13711";"13413";"0";"02/10/2016";"21:53:43";"N";"0"
"20/10/2016";"19:41:50";"2016";"1";"ELEIÇÕES MUNICIPAIS 2016";"SP";"71072";"71072";"SÃO PAULO";"373";"11";"PREFEITO";"132445";"384";"3";"132445";"384";"104498";"27947";"84118";"7140";"13240";"0";"0";"02/10/2016";"21:53:43";"N";"0"
"20/10/2016";"19:41:50";"2016";"1";"ELEIÇÕES MUNICIPAIS 2016";"SP";"71072";"71072";"SÃO PAULO";"374";"13";"VEREADOR";"229580";"738";"11";"229580";"738";"180096";"49484";"112964";"18036";"23264";"25832";"0";"02/10/2016";"21:53:43";"N";"0"
"20/10/2016";"19:41:50";"2016";"1";"ELEIÇÕES MUNICIPAIS 2016";"SP";"71072";"71072";"SÃO PAULO";"374";"11";"PREFEITO";"229580";"738";"11";"229580";"738";"180096";"49484";"151926";"9190";"18980";"0";"0";"02/10/2016";"21:53:43";"N";"0"
"20/10/2016";"19:41:50";"2016";"1";"ELEIÇÕES MUNICIPAIS 2016";"SP";"71072";"71072";"SÃO PAULO";"376";"13";"VEREADOR";"235777";"651";"0";"235777";"651";"187613";"48164";"117984";"21642";"25665";"22322";"0";"02/10/2016";"21:53:43";"N";"0"
"20/10/2016";"19:41:50";"2016";"1";"ELEIÇÕES MUNICIPAIS 2016";"SP";"71072";"71072";"SÃO PAULO";"376";"11";"PREFEITO";"235777";"651";"0";"235777";"651";"187613";"48164";"151884";"12683";"23046";"0";"0";"02/10/2016";"21:53:43";"N";"0"
"20/10/2016";"19:41:50";"2016";"1";"ELEIÇÕES MUNICIPAIS 2016";"SP";"71072";"71072";"SÃO PAULO";"398";"13";"VEREADOR";"99872";"301";"0";"99872";"301";"80864";"19008";"51405";"8666";"11454";"9339";"0";"02/10/2016";"21:53:43";"N";"0"
"20/10/2016";"19:41:50";"2016";"1";"ELEIÇÕES MUNICIPAIS 2016";"SP";"71072";"71072";"SÃO PAULO";"398";"11";"PREFEITO";"99872";"301";"0";"99872";"301";"80864";"19008";"64348";"5452";"11064";"0";"0";"02/10/2016";"21:53:43";"N";"0"
"20/10/2016";"19:41:50";"2016";"1";"ELEIÇÕES MUNICIPAIS 2016";"SP";"71072";"71072";"SÃO PAULO";"390";"13";"VEREADOR";"115275";"334";"0";"115275";"334";"91552";"23723";"57616";"8734";"14271";"10931";"0";"02/10/2016";"21:53:43";"N";"0"
"20/10/2016";"19:41:50";"2016";"1";"ELEIÇÕES MUNICIPAIS 2016";"SP";"71072";"71072";"SÃO PAULO";"390";"11";"PREFEITO";"115275";"334";"0";"115275";"334";"91552";"23723";"74486";"4894";"12172";"0";"0";"02/10/2016";"21:53:43";"N";"0"
"20/10/2016";"19:41:50";"2016";"1";"ELEIÇÕES MUNICIPAIS 2016";"SP";"71072";"71072";"SÃO PAULO";"251";"13";"VEREADOR";"117041";"315";"0";"117041";"315";"86713";"30328";"63921";"4439";"6097";"12256";"0";"02/10/2016";"21:53:43";"N";"0"
"20/10/2016";"19:41:50";"2016";"1";"ELEIÇÕES MUNICIPAIS 2016";"SP";"71072";"71072";"SÃO PAULO";"251";"11";"PREFEITO";"117041";"315";"0";"117041";"315";"86713";"30328";"80023";"1904";"4786";"0";"0";"02/10/2016";"21:53:43";"N";"0"
"20/10/2016";"19:41:50";"2016";"1";"ELEIÇÕES MUNICIPAIS 2016";"SP";"71072";"71072";"SÃO PAULO";"280";"13";"VEREADOR";"171500";"467";"0";"171500";"467";"136837";"34663";"91582";"11511";"18441";"15303";"0";"02/10/2016";"21:53:43";"N";"0"
"20/10/2016";"19:41:50";"2016";"1";"ELEIÇÕES MUNICIPAIS 2016";"SP";"71072";"71072";"SÃO PAULO";"280";"11";"PREFEITO";"171500";"467";"0";"171500";"467";"136837";"34663";"113979";"7195";"15663";"0";"0";"02/10/2016";"21:53:43";"N";"0"
"20/10/2016";"19:41:50";"2016";"1";"ELEIÇÕES MUNICIPAIS 2016";"SP";"71072";"71072";"SÃO PAULO";"326";"13";"VEREADOR";"110042";"307";"0";"110042";"307";"87382";"22660";"56022";"8838";"12374";"10148";"0";"02/10/2016";"21:53:43";"N";"0"
"20/10/2016";"19:41:50";"2016";"1";"ELEIÇÕES MUNICIPAIS 2016";"SP";"71072";"71072";"SÃO PAULO";"326";"11";"PREFEITO";"110042";"307";"0";"110042";"307";"87382";"22660";"70582";"5471";"11329";"0";"0";"02/10/2016";"21:53:43";"N";"0"
"20/10/2016";"19:41:50";"2016";"1";"ELEIÇÕES MUNICIPAIS 2016";"SP";"71072";"71072";"SÃO PAULO";"348";"13";"VEREADOR";"104505";"285";"0";"104505";"285";"82679";"21826";"52016";"7046";"12143";"11474";"0";"02/10/2016";"21:53:43";"N";"0"
"20/10/2016";"19:41:50";"2016";"1";"ELEIÇÕES MUNICIPAIS 2016";"SP";"71072";"71072";"SÃO PAULO";"348";"11";"PREFEITO";"104505";"285";"0";"104505";"285";"82679";"21826";"69150";"3631";"9898";"0";"0";"02/10/2016";"21:53:43";"N";"0"
"20/10/2016";"19:41:50";"2016";"1";"ELEIÇÕES MUNICIPAIS 2016";"SP";"71072";"71072";"SÃO PAULO";"403";"13";"VEREADOR";"95051";"277";"5";"95051";"277";"76993";"18058";"49591";"8601";"10405";"8396";"0";"02/10/2016";"21:53:43";"N";"0"
"20/10/2016";"19:41:50";"2016";"1";"ELEIÇÕES MUNICIPAIS 2016";"SP";"71072";"71072";"SÃO PAULO";"403";"11";"PREFEITO";"95051";"277";"5";"95051";"277";"76993";"18058";"62075";"5031";"9887";"0";"0";"02/10/2016";"21:53:43";"N";"0"
"20/10/2016";"19:41:50";"2016";"1";"ELEIÇÕES MUNICIPAIS 2016";"SP";"71072";"71072";"SÃO PAULO";"405";"13";"VEREADOR";"103182";"282";"0";"103182";"282";"83031";"20151";"50760";"9042";"13321";"9908";"0";"02/10/2016";"21:53:43";"N";"0"
"20/10/2016";"19:41:50";"2016";"1";"ELEIÇÕES MUNICIPAIS 2016";"SP";"71072";"71072";"SÃO PAULO";"405";"11";"PREFEITO";"103182";"282";"0";"103182";"282";"83031";"20151";"65139";"5412";"12480";"0";"0";"02/10/2016";"21:53:43";"N";"0"
"20/10/2016";"19:41:50";"2016";"1";"ELEIÇÕES MUNICIPAIS 2016";"SP";"71072";"71072";"SÃO PAULO";"418";"13";"VEREADOR";"176283";"467";"0";"176283";"467";"138619";"37664";"86264";"15853";"18993";"17509";"0";"02/10/2016";"21:53:43";"N";"0"
"20/10/2016";"19:41:50";"2016";"1";"ELEIÇÕES MUNICIPAIS 2016";"SP";"71072";"71072";"SÃO PAULO";"418";"11";"PREFEITO";"176283";"467";"0";"176283";"467";"138619";"37664";"112767";"9080";"16772";"0";"0";"02/10/2016";"21:53:43";"N";"0"
"20/10/2016";"19:41:50";"2016";"1";"ELEIÇÕES MUNICIPAIS 2016";"SP";"71072";"71072";"SÃO PAULO";"253";"13";"VEREADOR";"219061";"666";"0";"219061";"666";"171495";"47566";"111266";"13132";"23178";"23919";"0";"02/10/2016";"21:53:43";"N";"0"
"20/10/2016";"19:41:50";"2016";"1";"ELEIÇÕES MUNICIPAIS 2016";"SP";"71072";"71072";"SÃO PAULO";"253";"11";"PREFEITO";"219061";"666";"0";"219061";"666";"171495";"47566";"146527";"6379";"18589";"0";"0";"02/10/2016";"21:53:43";"N";"0"
"20/10/2016";"19:41:50";"2016";"1";"ELEIÇÕES MUNICIPAIS 2016";"SP";"71072";"71072";"SÃO PAULO";"256";"13";"VEREADOR";"174436";"461";"0";"174436";"461";"134945";"39491";"85083";"12639";"19093";"18130";"0";"02/10/2016";"21:53:43";"N";"0"
"20/10/2016";"19:41:50";"2016";"1";"ELEIÇÕES MUNICIPAIS 2016";"SP";"71072";"71072";"SÃO PAULO";"256";"11";"PREFEITO";"174436";"461";"0";"174436";"461";"134945";"39491";"112789";"6659";"15497";"0";"0";"02/10/2016";"21:53:43";"N";"0"
"20/10/2016";"19:41:50";"2016";"1";"ELEIÇÕES MUNICIPAIS 2016";"SP";"71072";"71072";"SÃO PAULO";"258";"13";"VEREADOR";"190771";"544";"0";"190771";"544";"141719";"49052";"97405";"8819";"12373";"23122";"0";"02/10/2016";"21:53:43";"N";"0"
"20/10/2016";"19:41:50";"2016";"1";"ELEIÇÕES MUNICIPAIS 2016";"SP";"71072";"71072";"SÃO PAULO";"258";"11";"PREFEITO";"190771";"544";"0";"190771";"544";"141719";"49052";"130216";"3205";"8298";"0";"0";"02/10/2016";"21:53:43";"N";"0"
"20/10/2016";"19:41:50";"2016";"1";"ELEIÇÕES MUNICIPAIS 2016";"SP";"71072";"71072";"SÃO PAULO";"260";"11";"PREFEITO";"181472";"498";"1";"181472";"498";"139635";"41837";"118955";"6012";"14668";"0";"0";"02/10/2016";"21:53:43";"N";"0"
"20/10/2016";"19:41:50";"2016";"1";"ELEIÇÕES MUNICIPAIS 2016";"SP";"71072";"71072";"SÃO PAULO";"260";"13";"VEREADOR";"181472";"498";"1";"181472";"498";"139635";"41837";"90293";"12033";"18110";"19199";"0";"02/10/2016";"21:53:43";"N";"0"
"20/10/2016";"19:41:50";"2016";"1";"ELEIÇÕES MUNICIPAIS 2016";"SP";"71072";"71072";"SÃO PAULO";"246";"11";"PREFEITO";"119008";"336";"0";"119008";"336";"89470";"29538";"80240";"2591";"6639";"0";"0";"02/10/2016";"21:53:43";"N";"0"
"20/10/2016";"19:41:50";"2016";"1";"ELEIÇÕES MUNICIPAIS 2016";"SP";"71072";"71072";"SÃO PAULO";"246";"13";"VEREADOR";"119008";"336";"0";"119008";"336";"89470";"29538";"61360";"5859";"8672";"13579";"0";"02/10/2016";"21:53:43";"N";"0"
"20/10/2016";"19:41:50";"2016";"1";"ELEIÇÕES MUNICIPAIS 2016";"SP";"71072";"71072";"SÃO PAULO";"250";"11";"PREFEITO";"166865";"455";"0";"166865";"455";"127765";"39100";"111661";"4406";"11698";"0";"0";"02/10/2016";"21:53:43";"N";"0"
"20/10/2016";"19:41:50";"2016";"1";"ELEIÇÕES MUNICIPAIS 2016";"SP";"71072";"71072";"SÃO PAULO";"250";"13";"VEREADOR";"166865";"455";"0";"166865";"455";"127765";"39100";"85870";"9212";"14529";"18154";"0";"02/10/2016";"21:53:43";"N";"0"
"20/10/2016";"19:41:50";"2016";"1";"ELEIÇÕES MUNICIPAIS 2016";"SP";"71072";"71072";"SÃO PAULO";"320";"13";"VEREADOR";"183580";"499";"0";"183580";"499";"141813";"41767";"85349";"15409";"20863";"20192";"0";"02/10/2016";"21:53:43";"N";"0"
"20/10/2016";"19:41:50";"2016";"1";"ELEIÇÕES MUNICIPAIS 2016";"SP";"71072";"71072";"SÃO PAULO";"320";"11";"PREFEITO";"183580";"499";"0";"183580";"499";"141813";"41767";"118614";"7878";"15321";"0";"0";"02/10/2016";"21:53:43";"N";"0"
"20/10/2016";"19:41:50";"2016";"1";"ELEIÇÕES MUNICIPAIS 2016";"SP";"71072";"71072";"SÃO PAULO";"325";"13";"VEREADOR";"102298";"293";"1";"102298";"293";"78962";"23336";"52232";"6605";"10572";"9553";"0";"02/10/2016";"21:53:43";"N";"0"
"20/10/2016";"19:41:50";"2016";"1";"ELEIÇÕES MUNICIPAIS 2016";"SP";"71072";"71072";"SÃO PAULO";"325";"11";"PREFEITO";"102298";"293";"1";"102298";"293";"78962";"23336";"65460";"3823";"9679";"0";"0";"02/10/2016";"21:53:43";"N";"0"
"20/10/2016";"19:41:50";"2016";"1";"ELEIÇÕES MUNICIPAIS 2016";"SP";"71072";"71072";"SÃO PAULO";"346";"13";"VEREADOR";"135630";"353";"1";"135630";"353";"104089";"31541";"69446";"8823";"10087";"15733";"0";"02/10/2016";"21:53:43";"N";"0"
"20/10/2016";"19:41:50";"2016";"1";"ELEIÇÕES MUNICIPAIS 2016";"SP";"71072";"71072";"SÃO PAULO";"346";"11";"PREFEITO";"135630";"353";"1";"135630";"353";"104089";"31541";"92113";"3992";"7984";"0";"0";"02/10/2016";"21:53:43";"N";"0"
"20/10/2016";"19:41:50";"2016";"1";"ELEIÇÕES MUNICIPAIS 2016";"SP";"71072";"71072";"SÃO PAULO";"351";"13";"VEREADOR";"133860";"357";"0";"133860";"357";"103404";"30456";"63200";"11790";"13711";"14703";"0";"02/10/2016";"21:53:43";"N";"0"
"20/10/2016";"19:41:50";"2016";"1";"ELEIÇÕES MUNICIPAIS 2016";"SP";"71072";"71072";"SÃO PAULO";"351";"11";"PREFEITO";"133860";"357";"0";"133860";"357";"103404";"30456";"85419";"6391";"11594";"0";"0";"02/10/2016";"21:53:43";"N";"0"
"20/10/2016";"19:41:50";"2016";"1";"ELEIÇÕES MUNICIPAIS 2016";"SP";"71072";"71072";"SÃO PAULO";"352";"13";"VEREADOR";"200999";"590";"1";"200999";"590";"161569";"39430";"100337";"19137";"23054";"19041";"0";"02/10/2016";"21:53:43";"N";"0"
"20/10/2016";"19:41:50";"2016";"1";"ELEIÇÕES MUNICIPAIS 2016";"SP";"71072";"71072";"SÃO PAULO";"352";"11";"PREFEITO";"200999";"590";"1";"200999";"590";"161569";"39430";"127722";"12005";"21842";"0";"0";"02/10/2016";"21:53:43";"N";"0"
"20/10/2016";"19:41:50";"2016";"1";"ELEIÇÕES MUNICIPAIS 2016";"SP";"71072";"71072";"SÃO PAULO";"404";"13";"VEREADOR";"172095";"479";"1";"172095";"479";"141050";"31045";"89360";"16400";"19437";"15853";"0";"02/10/2016";"21:53:43";"N";"0"
"20/10/2016";"19:41:50";"2016";"1";"ELEIÇÕES MUNICIPAIS 2016";"SP";"71072";"71072";"SÃO PAULO";"404";"11";"PREFEITO";"172095";"479";"1";"172095";"479";"141050";"31045";"112763";"9847";"18440";"0";"0";"02/10/2016";"21:53:43";"N";"0"
"20/10/2016";"19:41:50";"2016";"1";"ELEIÇÕES MUNICIPAIS 2016";"SP";"71072";"71072";"SÃO PAULO";"408";"13";"VEREADOR";"144660";"404";"4";"144660";"404";"114103";"30557";"75411";"12052";"12560";"14080";"0";"02/10/2016";"21:53:43";"N";"0"
"20/10/2016";"19:41:50";"2016";"1";"ELEIÇÕES MUNICIPAIS 2016";"SP";"71072";"71072";"SÃO PAULO";"408";"11";"PREFEITO";"144660";"404";"4";"144660";"404";"114103";"30557";"95497";"6649";"11957";"0";"0";"02/10/2016";"21:53:43";"N";"0"
"20/10/2016";"19:41:50";"2016";"1";"ELEIÇÕES MUNICIPAIS 2016";"SP";"71072";"71072";"SÃO PAULO";"413";"13";"VEREADOR";"138363";"387";"2";"138363";"387";"109473";"28890";"69403";"9919";"15656";"14495";"0";"02/10/2016";"21:53:43";"N";"0"
"20/10/2016";"19:41:50";"2016";"1";"ELEIÇÕES MUNICIPAIS 2016";"SP";"71072";"71072";"SÃO PAULO";"413";"11";"PREFEITO";"138363";"387";"2";"138363";"387";"109473";"28890";"91556";"5135";"12782";"0";"0";"02/10/2016";"21:53:43";"N";"0"
"20/10/2016";"19:41:50";"2016";"1";"ELEIÇÕES MUNICIPAIS 2016";"SP";"71072";"71072";"SÃO PAULO";"417";"13";"VEREADOR";"118182";"312";"1";"118182";"312";"94752";"23430";"56945";"9980";"15830";"11997";"0";"02/10/2016";"21:53:43";"N";"0"
"20/10/2016";"19:41:50";"2016";"1";"ELEIÇÕES MUNICIPAIS 2016";"SP";"71072";"71072";"SÃO PAULO";"417";"11";"PREFEITO";"118182";"312";"1";"118182";"312";"94752";"23430";"74876";"5749";"14127";"0";"0";"02/10/2016";"21:53:43";"N";"0"
"20/10/2016";"19:41:50";"2016";"1";"ELEIÇÕES MUNICIPAIS 2016";"SP";"71072";"71072";"SÃO PAULO";"371";"13";"VEREADOR";"187871";"517";"3";"187871";"517";"152929";"34942";"99275";"16134";"20412";"17108";"0";"02/10/2016";"21:53:43";"N";"0"
"20/10/2016";"19:41:50";"2016";"1";"ELEIÇÕES MUNICIPAIS 2016";"SP";"71072";"71072";"SÃO PAULO";"371";"11";"PREFEITO";"187871";"517";"3";"187871";"517";"152929";"34942";"124563";"9953";"18413";"0";"0";"02/10/2016";"21:53:43";"N";"0"
"20/10/2016";"19:41:50";"2016";"1";"ELEIÇÕES MUNICIPAIS 2016";"SP";"71072";"71072";"SÃO PAULO";"372";"13";"VEREADOR";"253540";"669";"14";"253540";"669";"203817";"49723";"132501";"22678";"24666";"23972";"0";"02/10/2016";"21:53:43";"N";"0"
"20/10/2016";"19:41:50";"2016";"1";"ELEIÇÕES MUNICIPAIS 2016";"SP";"71072";"71072";"SÃO PAULO";"372";"11";"PREFEITO";"253540";"669";"14";"253540";"669";"203817";"49723";"165293";"14166";"24358";"0";"0";"02/10/2016";"21:53:43";"N";"0"
"20/10/2016";"19:41:50";"2016";"1";"ELEIÇÕES MUNICIPAIS 2016";"SP";"71072";"71072";"SÃO PAULO";"397";"13";"VEREADOR";"149309";"400";"0";"149309";"400";"122173";"27136";"75926";"13812";"17990";"14445";"0";"02/10/2016";"21:53:43";"N";"0"
"20/10/2016";"19:41:50";"2016";"1";"ELEIÇÕES MUNICIPAIS 2016";"SP";"71072";"71072";"SÃO PAULO";"397";"11";"PREFEITO";"149309";"400";"0";"149309";"400";"122173";"27136";"96399";"8821";"16953";"0";"0";"02/10/2016";"21:53:43";"N";"0"
"20/10/2016";"19:41:50";"2016";"1";"ELEIÇÕES MUNICIPAIS 2016";"SP";"71072";"71072";"SÃO PAULO";"389";"13";"VEREADOR";"170619";"508";"4";"170619";"508";"138651";"31968";"86477";"16904";"19337";"15933";"0";"02/10/2016";"21:53:43";"N";"0"
"20/10/2016";"19:41:50";"2016";"1";"ELEIÇÕES MUNICIPAIS 2016";"SP";"71072";"71072";"SÃO PAULO";"389";"11";"PREFEITO";"170619";"508";"4";"170619";"508";"138651";"31968";"110946";"9612";"18093";"0";"0";"02/10/2016";"21:53:43";"N";"0"
"20/10/2016";"19:41:50";"2016";"1";"ELEIÇÕES MUNICIPAIS 2016";"SP";"71072";"71072";"SÃO PAULO";"1";"11";"PREFEITO";"165469";"509";"0";"165469";"509";"115357";"50112";"102445";"4099";"8813";"0";"0";"02/10/2016";"21:53:43";"N";"0"
"20/10/2016";"19:41:50";"2016";"1";"ELEIÇÕES MUNICIPAIS 2016";"SP";"71072";"71072";"SÃO PAULO";"1";"13";"VEREADOR";"165469";"509";"0";"165469";"509";"115357";"50112";"78160";"9074";"11352";"16771";"0";"02/10/2016";"21:53:43";"N";"0"
"20/10/2016";"19:41:50";"2016";"1";"ELEIÇÕES MUNICIPAIS 2016";"SP";"71072";"71072";"SÃO PAULO";"2";"13";"VEREADOR";"175694";"514";"0";"175694";"514";"129082";"46612";"89900";"8139";"11591";"19452";"0";"02/10/2016";"21:53:43";"N";"0"
"20/10/2016";"19:41:50";"2016";"1";"ELEIÇÕES MUNICIPAIS 2016";"SP";"71072";"71072";"SÃO PAULO";"2";"11";"PREFEITO";"175694";"514";"0";"175694";"514";"129082";"46612";"117063";"3353";"8666";"0";"0";"02/10/2016";"21:53:43";"N";"0"
"20/10/2016";"19:41:50";"2016";"1";"ELEIÇÕES MUNICIPAIS 2016";"SP";"71072";"71072";"SÃO PAULO";"3";"11";"PREFEITO";"80392";"228";"0";"80392";"228";"56124";"24268";"48714";"2501";"4909";"0";"0";"02/10/2016";"21:53:43";"N";"0"
"20/10/2016";"19:41:50";"2016";"1";"ELEIÇÕES MUNICIPAIS 2016";"SP";"71072";"71072";"SÃO PAULO";"3";"13";"VEREADOR";"80392";"228";"0";"80392";"228";"56124";"24268";"36424";"5236";"6297";"8167";"0";"02/10/2016";"21:53:43";"N";"0"
"20/10/2016";"19:41:50";"2016";"1";"ELEIÇÕES MUNICIPAIS 2016";"SP";"71072";"71072";"SÃO PAULO";"4";"11";"PREFEITO";"161145";"430";"0";"161145";"430";"121538";"39607";"106422";"3859";"11257";"0";"0";"02/10/2016";"21:53:43";"N";"0"
"20/10/2016";"19:41:50";"2016";"1";"ELEIÇÕES MUNICIPAIS 2016";"SP";"71072";"71072";"SÃO PAULO";"4";"13";"VEREADOR";"161145";"430";"0";"161145";"430";"121538";"39607";"79184";"9107";"15107";"18140";"0";"02/10/2016";"21:53:43";"N";"0"
"20/10/2016";"19:41:50";"2016";"1";"ELEIÇÕES MUNICIPAIS 2016";"SP";"71072";"71072";"SÃO PAULO";"5";"13";"VEREADOR";"125368";"332";"0";"125368";"332";"89903";"35465";"65639";"4651";"5949";"13664";"0";"02/10/2016";"21:53:43";"N";"0"
"20/10/2016";"19:41:50";"2016";"1";"ELEIÇÕES MUNICIPAIS 2016";"SP";"71072";"71072";"SÃO PAULO";"5";"11";"PREFEITO";"125368";"332";"0";"125368";"332";"89903";"35465";"83723";"1802";"4378";"0";"0";"02/10/2016";"21:53:43";"N";"0"
"20/10/2016";"19:41:50";"2016";"1";"ELEIÇÕES MUNICIPAIS 2016";"SP";"71072";"71072";"SÃO PAULO";"6";"11";"PREFEITO";"157270";"442";"0";"157270";"442";"117075";"40195";"106135";"2981";"7959";"0";"0";"02/10/2016";"21:53:43";"N";"0"
"20/10/2016";"19:41:50";"2016";"1";"ELEIÇÕES MUNICIPAIS 2016";"SP";"71072";"71072";"SÃO PAULO";"6";"13";"VEREADOR";"157270";"442";"0";"157270";"442";"117075";"40195";"80904";"7596";"11629";"16946";"0";"02/10/2016";"21:53:43";"N";"0"
"20/10/2016";"19:41:50";"2016";"1";"ELEIÇÕES MUNICIPAIS 2016";"SP";"71072";"71072";"SÃO PAULO";"252";"11";"PREFEITO";"116434";"332";"0";"116434";"332";"89762";"26672";"74482";"4016";"11264";"0";"0";"02/10/2016";"21:53:43";"N";"0"
"20/10/2016";"19:41:50";"2016";"1";"ELEIÇÕES MUNICIPAIS 2016";"SP";"71072";"71072";"SÃO PAULO";"252";"13";"VEREADOR";"116434";"332";"0";"116434";"332";"89762";"26672";"54913";"7803";"14009";"13037";"0";"02/10/2016";"21:53:43";"N";"0"
"20/10/2016";"19:41:50";"2016";"1";"ELEIÇÕES MUNICIPAIS 2016";"SP";"71072";"71072";"SÃO PAULO";"254";"13";"VEREADOR";"158403";"462";"1";"158403";"462";"119963";"38440";"78860";"10350";"14785";"15968";"0";"02/10/2016";"21:53:43";"N";"0"
"20/10/2016";"19:41:50";"2016";"1";"ELEIÇÕES MUNICIPAIS 2016";"SP";"71072";"71072";"SÃO PAULO";"254";"11";"PREFEITO";"158403";"462";"1";"158403";"462";"119963";"38440";"101867";"5424";"12672";"0";"0";"02/10/2016";"21:53:43";"N";"0"
"20/10/2016";"19:41:50";"2016";"1";"ELEIÇÕES MUNICIPAIS 2016";"SP";"71072";"71072";"SÃO PAULO";"255";"13";"VEREADOR";"191027";"531";"0";"191027";"531";"148759";"42268";"97166";"12981";"19417";"19195";"0";"02/10/2016";"21:53:43";"N";"0"
"20/10/2016";"19:41:50";"2016";"1";"ELEIÇÕES MUNICIPAIS 2016";"SP";"71072";"71072";"SÃO PAULO";"255";"11";"PREFEITO";"191027";"531";"0";"191027";"531";"148759";"42268";"125088";"6841";"16830";"0";"0";"02/10/2016";"21:53:43";"N";"0"
"20/10/2016";"19:41:50";"2016";"1";"ELEIÇÕES MUNICIPAIS 2016";"SP";"71072";"71072";"SÃO PAULO";"257";"13";"VEREADOR";"179673";"506";"0";"179673";"506";"139385";"40288";"87460";"11851";"20177";"19897";"0";"02/10/2016";"21:53:43";"N";"0"
"20/10/2016";"19:41:50";"2016";"1";"ELEIÇÕES MUNICIPAIS 2016";"SP";"71072";"71072";"SÃO PAULO";"257";"11";"PREFEITO";"179673";"506";"0";"179673";"506";"139385";"40288";"117358";"5832";"16195";"0";"0";"02/10/2016";"21:53:43";"N";"0"
